"name","short_url","original_url"
"Stripe","https://serp.ly/stripe","https://stripe.com/"
"Maverick Bankcard","https://serp.ly/maverick","https://www.trymaverick.com/"
"due payments","https://serp.ly/due-payments","https://due.com/"
"Shopify","https://serp.ly/shopify","https://accounts.shopify.com/signup?irclickid=1bnXAAwMXxyKRiPTV5QfAV8-Uks1ijz9-Q8Z3g0&irgwc=1&partner=2232787&affpt=excluded&utm_channel=affiliates&utm_source=2232787-impact&utm_medium=cpa&iradid=1061744"
"Checkout.com","https://serp.ly/checkout-com","https://www.checkout.com/"
"POWERPAY","https://serp.ly/service-provider/powerpay","http://www.powerpay.biz/"
"vantiv","https://serp.ly/service-provider/vantiv","https://www.vantiv.com/"
"SecureNet Payment Systems","https://serp.ly/service-provider/securenet-payment-systems","http://www.securenet.com/"
"Retriever Merchant Solutions","https://serp.ly/service-provider/retriever-merchant-solutions-2","https://rmsnpc.com/"
"National Paymentech","https://serp.ly/service-provider/national-paymentech","http://nationalpaymentech.com/"
"National Processing Company (NPC)","https://serp.ly/service-provider/national-processing-company-npc","http://www.npc.net/"
"Merchant Data System","https://serp.ly/service-provider/merchant-data-system","http://www.merchantdatasystems.com"
"Merchant Club of America","https://serp.ly/merchant-club-of-america","http://merchantclubusa.com/"
"Integrity Merchant Solutions","https://serp.ly/service-provider/integrity-merchant-solutions","https://merchantalternatives.com/go/integrated-merchant-alliance/"
"Intrepid Payment Processing","https://serp.ly/intrepid-payment-processing","https://merchantalternatives.com/go/intrepid-payment-processing-2/"
"Freedom Card Solutions","https://serp.ly/service-provider/freedom-card-solutions","http://freedomcardsolutions.com/"
"Cube","https://serp.ly/service-provider/cube","http://www.getcube.com/"
"CrowdRise","https://serp.ly/service-provider/crowdrise","https://www.crowdrise.com/"
"Allegiant Payment Solutions","https://serp.ly/allegiant-payment-solutions","https://www.theapsolution.com/"
"Alante Business Solutions","https://serp.ly/alante-business-solutions","https://www.alantebusinesssolutions.com/"
"Positive Payment Solutions","https://serp.ly/positive-payment-solutions","http://www.mybancard.com/"
"Tailored Transactions","https://serp.ly/tailored-transactions","https://www.tailoredtransactions.com/"
"Blue Wave Merchant Solutions","https://serp.ly/blue-wave-merchant-solutions","http://bluewavepay.com/"
"Mindbody Inc","https://serp.ly/mindbody-inc","https://www.mindbodyonline.com/"
"paycosmos","https://serp.ly/paycosmos","https://paycosmos.com/"
"Global Payments Integrated","https://serp.ly/global-payments-integrated","https://www.globalpaymentsintegrated.com/en-us"
"Credit Card Payment Services","https://serp.ly/credit-card-payment-services","https://creditcardpaymentservices.com/"
"Gotmerchant","https://serp.ly/gotmerchant","http://www.gotmerchant.com/"
"CashBack Corporation","https://serp.ly/cashback-corporation","http://cashbackcorp.com/"
"Bluestone Payments","https://serp.ly/bluestone-payments","http://www.bluestonepayments.com/"
"National ACH","https://serp.ly/national-ach","https://www.nationalach.com/"
"Magothy Payments","https://serp.ly/magothy-payments","https://www.magothy.biz/"
"PayaCardServices","https://serp.ly/payacardservices","https://www.payacardservices.com/"
"Empyrean Merchant Services","https://serp.ly/empyrean-merchant-services","https://empyreanms.com/"
"Swypit","https://serp.ly/swypit","https://www.swypit.com/"
"Truevo","https://serp.ly/truevo","https://truevo.com/"
"Credit Card Processing Specialists","https://serp.ly/credit-card-processing-specialists","http://www.creditcardprocessingspecialists.com/"
"Main Street Merchant Solutions","https://serp.ly/main-street-merchant-solutions","https://mainstreetmerchantsolutions.com/"
"Authorized Credit Card Systems","https://serp.ly/authorized-credit-card-systems","https://www.authorizedccs.com/"
"Painless Processing","https://serp.ly/painless-processing","https://www.painlessprocessing.com/"
"Omega Transactions","https://serp.ly/omega-transactions","https://www.gootc.com/"
"TransNet Enterprises Inc","https://serp.ly/transnet-enterprises-inc","https://transnetenterprises.com/"
"Paycron","https://serp.ly/paycron","https://www.paycron.com/"
"Paydoo","https://serp.ly/paydoo","https://www.paydoo.com/"
"subLyme Payments","https://serp.ly/sublyme-payments","https://www.sublymepayments.com/"
"Journey Business Solutions","https://serp.ly/journey-business-solutions","https://www.journeybizsolutions.com/"
"Change Merchant Solutions","https://serp.ly/change-merchant-solutions","https://changemerchantsolutions.com/"
"MobiusPay","https://serp.ly/mobiuspay","https://mobiuspay.com/"
"Merchant 1 Payments","https://serp.ly/merchant-1-payments","https://merchant1payments.com/"
"Transparent Merchant Services","https://serp.ly/transparent-merchant-services","https://www.trytransparent.com/"
"Orbis Payment Services","https://serp.ly/orbis-payment-services","https://orbispaymentservices.com/"
"Handepay","https://serp.ly/handepay","https://www.handepay.co.uk/"
"Shark Payment Solutions","https://serp.ly/shark-payment-solutions","https://sharkprocessing.com/"
"ReliantPay","https://serp.ly/reliantpay","http://www.reliantpay.com/"
"Defyne Payments","https://serp.ly/defyne-payments","https://www.defynepayments.com/"
"Evo Platinum Services Group","https://serp.ly/evo-platinum-services-group","https://goepsg.com/"
"Zeno Payments","https://serp.ly/zeno-payments","https://www.zenopayments.com/"
"Humboldt Merchant Services","https://serp.ly/humboldt-merchant-services","https://www.hbms.com/"
"Diligent Payments","https://serp.ly/diligent-payments","https://www.diligentpayments.com/"
"Protec Merchant Solutions","https://serp.ly/protec-merchant-solutions","https://protecmerchantsolutions.com/"
"Pacific Payment Systems","https://serp.ly/pacific-payment-systems","https://pacpayments.com/"
"FeeFighters","https://serp.ly/feefighters","https://feefighters.com/"
"The Transaction Group","https://serp.ly/the-transaction-group","https://www.thetransactiongroup.net/"
"Payswipe","https://serp.ly/payswipe","https://payswipe.com/"
"CardMax Payments","https://serp.ly/cardmax-payments","http://www.cardmaxpayments.com/"
"Entrust Bankcard","https://serp.ly/entrust-bankcard","https://www.entrustbankcard.com/"
"Crown Merchants","https://serp.ly/crown-merchants","https://crownmerchants.com/"
"Simplefy","https://serp.ly/simplefy","https://www.simplefy.com/index.html"
"Constellation Payments","https://serp.ly/constellation-payments","https://csipay.com/"
"Yoozy","https://serp.ly/yoozy","http://yoozy.com/"
"Cardinity","https://serp.ly/cardinity","https://cardinity.com/"
"Florida Merchant Services","https://serp.ly/florida-merchant-services","https://floridamerchant1.com/"
"Stellar Payment Systems","https://serp.ly/stellar-payment-systems","https://www.stellarpay.com/"
"Strategic Payment Systems","https://serp.ly/strategic-payment-systems","https://www.spsprocessing.net/"
"Meramak Business Solutions","https://serp.ly/meramak-business-solutions","https://meracard.com/"
"Payment Advisors","https://serp.ly/payment-advisors","https://www.payment-advisors.com/"
"Impact Merchant Solutions","https://serp.ly/impact-merchant-solutions","https://www.impactmerchantsolutions.com/"
"PandaPay","https://serp.ly/pandapay","https://www.pandapay.ca/en/"
"PPS USA","https://serp.ly/pps-usa","https://ppsusa.com/"
"MSH Merchant Services","https://serp.ly/msh-merchant-services","http://www.mshmerchantservices.com/"
"VeriPayment","https://serp.ly/veripayment","http://www.veripayment.com/"
"MerchantPlus","https://serp.ly/merchantplus","https://www.merchantplus.com/"
"CardConnectDirect","https://serp.ly/cardconnectdirect","http://cardconnectdirect.com/"
"Datainsure","https://serp.ly/datainsure","https://datainsure.com/"
"Monify","https://serp.ly/monify","https://www.mymonify.com/"
"Impact PaySystem","https://serp.ly/impact-paysystem","https://impactpays.com/"
"Elite Payment Processing","https://serp.ly/elite-payment-processing","https://elitepaymentprocessing.com/"
"QubePay","https://serp.ly/qubepay","https://qubepay.com/"
"Swift Pay Systems","https://serp.ly/swift-pay-systems","http://www.swiftpaysystems.com/"
"Elite Merchant Services","https://serp.ly/elite-merchant-services","https://elitemerchantservices.com/"
"Clearpay Processing","https://serp.ly/clearpay-processing","https://clearpayprocessing.com/"
"FreshBooks","https://serp.ly/freshbooks","https://www.freshbooks.com/"
"Pace Payment Systems","https://serp.ly/pace-payment-systems","https://pacepayment.com/"
"Cornerstone Merchant Services","https://serp.ly/cornerstone-merchant-services","https://cornerstonemerchant.com/"
"Digital Financial Group","https://serp.ly/digital-financial-group","http://www.digitalfg.com/"
"Slice","https://serp.ly/slice","https://startslice.com/"
"LoopWallet","https://serp.ly/loopwallet","https://loop.do/"
"Select Merchant Solutions","https://serp.ly/select-merchant-solutions","https://selectmerchantsolutions.com/"
"PaymentSpring","https://serp.ly/paymentspring","https://paymentspring.com/"
"Bank Associates Merchant Services - BAMS","https://serp.ly/bank-associates-merchant-services-bams","https://www.bams.com/"
"Mynt POS","https://serp.ly/mynt-pos","https://myntpos.com/"
"Retriever Payment Systems","https://serp.ly/retriever-payment-systems","http://www.retrieverps.com/"
"Rapid Gun Systems","https://serp.ly/rapid-gun-systems","https://rapidgunsystems.com/"
"Naturepay","https://serp.ly/naturepay","https://www.naturepay.net/"
"Offshore Merchants","https://serp.ly/offshore-merchants","https://www.offshoremerchants.net/"
"Shift Credit Card Processing","https://serp.ly/shift-processing","https://shiftprocessing.com/"
"PinnacleCart","https://serp.ly/pinnaclecart","https://www.pinnaclecart.com/"
"One Payment","https://serp.ly/one-payment","https://onepaymentus.com/"
"AppTech","https://serp.ly/apptech","https://apptechcorp.com/"
"360 Payments","https://serp.ly/360-payments","https://www.360payments.com/"
"Bankcard","https://serp.ly/bankcard","https://www.getbankcard.com/"
"Circle","https://serp.ly/circle","https://www.circle.com/en/"
"Volt Payments","https://serp.ly/volt-payments","http://www.voltpayments.com/"
"WebMoney Transfer","https://serp.ly/webmoney-transfer","https://www.wmtransfer.com/"
"Lease Finance Group","https://serp.ly/lease-finance-group","http://www.lfgleasing.com/"
"Pineapple Payments","https://serp.ly/pineapple-payments","https://pineapplepayments.com/"
"PayBright","https://serp.ly/paybright","https://paybright.com/en/"
"Symple","https://serp.ly/symple","https://gosymple.com/"
"NXGEN Canada","https://serp.ly/nxgen-canada","https://nxgencanada.com/"
"Etsy Direct Checkout","https://serp.ly/etsy-direct-checkout","https://www.etsy.com/"
"Forte Payment Systems","https://serp.ly/forte-payment-systems","https://www.forte.net/"
"Clearwater Payments","https://serp.ly/clearwater-payments","http://clearwaterpayments.com/"
"TD Bank Merchant Solutions","https://serp.ly/td-bank-merchant-solutions","https://www.td.com/us/en/small-business/merchant-solutions/"
"Onesto Payments","https://serp.ly/onesto-payments","https://onestopayments.com/"
"Take Charge USA","https://serp.ly/take-charge-usa","https://www.takechargeusa.com/"
"DirectPay","https://serp.ly/directpay","http://www.directpay.biz/"
"Cybersource","https://serp.ly/cybersource","https://www.cybersource.com/en-us.html"
"Poynt","https://serp.ly/poynt","https://www.poynt.com/"
"NMI","https://serp.ly/nmi","https://www.nmi.com/"
"InstaMed","https://serp.ly/instamed","https://www.instamed.com/"
"Squareup","https://serp.ly/squareup","https://squareup.com/"
"Inoviopay","https://serp.ly/inoviopay","https://www.inoviopay.com/"
"PaymentUSA","https://serp.ly/paymentusa","https://paymentusa.com/"
"Reliance Merchant Services","https://serp.ly/reliance-merchant-services","https://www.reliancemerchantservices.com/"
"OLB Group","https://serp.ly/olb-group","https://olb.com/"
"Payment Approved","https://serp.ly/payment-approved","https://paymentapproved.com/"
"Deft Payment Systems","https://serp.ly/deft-payment-systems","http://www.deftpaymentsystems.com/"
"Preferred Card Services","https://serp.ly/preferred-card-services","http://www.preferredcard.net/"
"National Card Solutions","https://serp.ly/national-card-solutions","https://nationalcardsolutions.com/"
"Universal Transaction Processing","https://serp.ly/universal-transaction-processing","https://www.utpgroup.co.uk/"
"Grovebay Financial","https://serp.ly/grovebay-financial","http://www.grovebay.com/"
"Finical Inc","https://serp.ly/finical-inc","https://finicalinc.com/"
"Huntington Merchant Services","https://serp.ly/huntington-merchant-services","https://www.huntington.com/Commercial/receivables-management/merchant-services"
"SecurePay","https://serp.ly/securepay-2","https://serp.ly/@merchantalternatives/securepay"
"PAAY","https://serp.ly/paay","https://www.paay.co/"
"MOTO Merchant","https://serp.ly/moto-merchant","https://www.motomerchantaccount.com/"
"Beyond POS","https://serp.ly/beyond-pos","https://www.getbeyond.com/pos-solutions/"
"Google Wallet","https://serp.ly/google-wallet","https://pay.google.com/gp/w/u/0/home/signup?sctid=7100882854231917"
"coastal acquiring","https://serp.ly/coastalacquiring","https://www.coastalacquiring.com/"
"High Risk Holdings","https://serp.ly/high-risk-holdings","https://www.highriskholdings.com/"
"1st National Processing","https://serp.ly/1st-national-processing","http://www.1stnationalprocessing.net/"
"Kickfin","https://serp.ly/kickfin","https://www.kickfin.com/"
"National Debit Card Network","https://serp.ly/national-debit-card-network","http://www.nationaldebitcardnetwork.com/"
"Google Pay","https://serp.ly/google-pay","https://pay.google.com/gp/w/u/0/home/signup?sctid=3378825196893825"
"Dwolla","https://serp.ly/dwolla","https://www.dwolla.com/"
"CDG Commerce","https://serp.ly/cdgcommerce","https://www.cdgcommerce.com/getcdg/cdgcommerce-merchant-alternatives/"
"Guardian Financial","https://serp.ly/guardian-financial","https://www.smallbizguardian.com/"
"Xenex Payment Systems","https://serp.ly/xenex-payment-systems","https://xenexpayments.com/"
"XCharge","https://serp.ly/xcharge","http://www.x-charge.com/"
"Wells Fargo Merchant Services","https://serp.ly/wells-fargo-merchant-services","https://www.wellsfargo.com/biz/"
"Wholesale Payments","https://serp.ly/wholesale-payments","https://www.wholesalepayments.net/"
"WePay","https://serp.ly/wepay","https://go.wepay.com/"
"WEX","https://serp.ly/wex","http://www.wexinc.com/"
"Workwell Technologies","https://serp.ly/workwell-technologies","https://workwelltech.com/"
"Volusion","https://serp.ly/volusion","http://www.volusion.com/"
"WorldPay","https://serp.ly/worldpay","https://online.worldpay.com/"
"TAPLocal Now","https://serp.ly/taplocal-now","http://www.taplocalnow.com/"
"Vanco Payment Solutions","https://serp.ly/vanco-payment-solutions","http://www.vancopayments.com/"
"Upserve","https://serp.ly/upserve","https://upserve.com/"
"USAePay","https://serp.ly/usaepay","http://www.usaepay.com/"
"VizyPay","https://serp.ly/vizypay","https://www.vizypay.com/"
"United Merchant Services","https://serp.ly/united-merchant-services","http://www.unitedmerchant.com/"
"Tru Blu Pay","https://serp.ly/tru-blu-pay","https://trublupay.com/"
"Velocity Merchant Services","https://serp.ly/velocity-merchant-services","https://www.getvms.com/"
"VersaPay","https://serp.ly/versapay","https://www.versapay.com/"
"TSYS Merchant Solutions","https://serp.ly/tsys-merchant-solutions","https://www.tsys.com/"
"Valued Merchant Services","https://serp.ly/valued-merchant-services","http://www.valuedmerchants.com/"
"TransPay Processing","https://serp.ly/transpay-processing","http://transpayprocessing.net/"
"US Card Systems","https://serp.ly/us-card-systems","http://uscardsystems.com/"
"Verotel","https://serp.ly/verotel","https://www.verotel.com/en/index.html"
"Turnkey Processing","https://serp.ly/turnkey-processing","https://www.processwithturnkey.com/"
"United Card Solutions","https://serp.ly/united-card-solutions","https://unitedcardsolutions.com/"
"USPAY Group","https://serp.ly/uspay-group","https://www.uspaygroup.com/"
"Switch Commerce","https://serp.ly/switch-commerce","http://www.switchcommerce.com/"
"TouchSuite","https://serp.ly/touchsuite","http://www.touchsuite.com/"
"Square Register","https://serp.ly/square-register","https://squareup.com/us/en/point-of-sale"
"SunTrust Merchant Services","https://serp.ly/suntrust-merchant-services","http://www.suntrustmerchantservices.com/"
"TransGlobal Payment Systems","https://serp.ly/transglobal-payment-systems","http://tgpayment.com/"
"Square Online Store","https://serp.ly/square-online-store","https://squareup.com/us/en/online-store"
"SurchX","https://serp.ly/surchx","https://surchx.com/"
"TransNational Payments","https://serp.ly/transnational-payments","https://gotnpayments.com/"
"talech","https://serp.ly/talech","https://www.talech.com/"
"Total Merchant Services","https://serp.ly/total-merchant-services","https://www.totalmerchantservices.com/"
"Talus Payments","https://serp.ly/talus-payments","https://www.taluspay.com/"
"SumUp","https://serp.ly/sumup","http://sumup.com/"
"T1 Payments","https://serp.ly/t1-payments","https://t1payments.com/"
"Squarespace","https://serp.ly/squarespace","https://www.squarespace.com/"
"ProMerchant","https://serp.ly/promerchant","https://www.promerchant.com/"
"Restaurant Manager","https://serp.ly/restaurant-manager","https://www.rmpos.com/"
"Skrill","https://serp.ly/skrill","https://www.skrill.com/"
"SignaPay","https://serp.ly/signapay","https://signapay.com/"
"SpotOn","https://serp.ly/spoton","https://www.spoton.com/"
"Square","https://serp.ly/square","https://squareup.com/us/en"
"Solupay","https://serp.ly/solupay","https://www.solupay.com/"
"Smart Choice Payments","https://serp.ly/smart-choice-payments","https://smartchoicepayments.com/"
"Shift4 Payments","https://serp.ly/shift4-payments","https://www.shift4.com/"
"Square for Retail","https://serp.ly/square-for-retail","https://squareup.com/us/en/point-of-sale/retail"
"Simpay","https://serp.ly/simpay","https://www.simpay.net/"
"Sekure Merchant Solutions","https://serp.ly/sekure-merchant-solutions","https://sekuremerchants.com/"
"SMB Global Payments","https://serp.ly/smb-global-payments","https://smbglobalpayments.com/"
"PNC Merchant Services","https://serp.ly/pnc-merchant-services","http://www.pnc.com/"
"Riverside Payments","https://serp.ly/riverside-payments","https://www.riversidepayments.com/"
"Samâ€™s Club Merchant Services","https://serp.ly/sams-club-merchant-services","https://www.samsclubms.com/index.html"
"PrimePay","https://serp.ly/primepay","https://primepay.com/"
"SalesVu","https://serp.ly/salesvu","http://www.salesvu.com/"
"Reverse My Fees","https://serp.ly/reverse-my-fees","https://www.reversemyfees.com/"
"Security Credit Services","https://serp.ly/security-credit-services","http://www.securitycreditservicesllc.com/"
"Payzer","https://serp.ly/payzer","https://payzerware.com/"
"SBGA","https://serp.ly/sbga","https://www.sbga.com/"
"Secure Trading","https://serp.ly/secure-trading","http://www.securetrading.com/"
"Priority Payment Systems","https://serp.ly/priority-payment-systems","http://www.prioritypaymentsystems.com/"
"Rectangle Health","https://serp.ly/rectangle-health","http://rectanglehealth.com/"
"RentPayment","https://serp.ly/rentpayment","https://www.rentpayment.com/"
"Pivotal Payments","https://serp.ly/pivotal-payments","https://www.pivotalpayments.com/"
"Prestige Payment Systems","https://serp.ly/prestige-payment-systems","http://www.affordablepaymentsolution.com/"
"Securus Payments","https://serp.ly/securus-payments","http://www.securuspayments.com/"
"Premier One Payments","https://serp.ly/premier-one-payments","https://www.premieronepayments.com/"
"PayJunction","https://serp.ly/payjunction","https://www.payjunction.com/"
"Orion Payment Systems (Houston)","https://serp.ly/orion-payment-systems-houston","http://orionps.com/"
"National Merchant Services","https://serp.ly/national-discount-merchant-services-ndms","https://www.ndmscorp.com/"
"National Discount Merchant Services (NDMS)","https://serp.ly/national-discount-merchant-services-ndms","https://www.ndmscorp.com/"
"PayPartners","https://serp.ly/paypartners","http://pay-partners.com/"
"Payroc","https://serp.ly/payroc","https://payroc.com/"
"PaySimple","https://serp.ly/paysimple","http://paysimple.com/"
"PayPal","https://serp.ly/paypal","http://www.paypal.com/"
"Paysafe","https://serp.ly/paysafe","https://www.paysafe.com/en/"
"PayPal Here","https://serp.ly/paypal-here","http://www.paypal.com/"
"PayProTec","https://serp.ly/payprotec","https://www.payprotec.com/"
"PayPros","https://serp.ly/paypros","https://www.paypros.com/"
"One Connect Processing","https://serp.ly/one-connect-processing","https://oneconnectprocessing.com/"
"Moneris Solutions","https://serp.ly/moneris-solutions","https://www.moneris.com/"
"PayAnywhere","https://serp.ly/payanywhere","https://www.payanywhere.com/"
"NXGEN Payment Services","https://serp.ly/nxgen-payment-services","https://us.nxgen.com/"
"National Bankcard Inc","https://serp.ly/national-bankcard-inc","https://nationalbankcard.com/"
"Payment Alliance International (PAI)","https://serp.ly/payment-alliance-international-pai","http://www.gopai.com/"
"Paramount Payment Systems","https://serp.ly/paramount-payment-systems","https://paramountpayment.com/"
"Omega Bank Card Services","https://serp.ly/omega-bank-card-services","https://omegabankcard.com/"
"Money Tree Merchant Services","https://serp.ly/money-tree-merchant-services","https://www.moneytreemerchantservices.com/"
"PaynetSecure","https://serp.ly/paynetsecure","https://www.paynetsecure.net/"
"Newtek Merchant Solutions","https://serp.ly/newtek-merchant-solutions","http://www.newtekone.com/payments"
"Paya","https://serp.ly/patriot-payment-group","http://www.patriotpaymentgroup.com/"
"Nochex","https://serp.ly/nochex","https://www.nochex.com/"
"Payment Depot","https://serp.ly/payment-depot","https://paymentdepot.com/"
"My Business Venture","https://serp.ly/my-business-venture","https://www.mybusinessventure.com/"
"National Merchants Association","https://serp.ly/national-merchants-association","https://www.nationalmerchants.com/"
"PayKings","https://serp.ly/paykings","https://www.paykings.com/"
"National Processing","https://serp.ly/national-processing-2","https://serp.ly/merchantalternatives/national-processing"
"North American Bancard","https://serp.ly/north-american-bancard","https://www.northamericanbancard.com/"
"Network for Good","https://serp.ly/network-for-good","https://www.networkforgood.com/"
"PaymentCloud","https://serp.ly/paymentcloud","https://paymentcloudinc.com/merchant-alternatives/"
"PayHub Payments","https://serp.ly/payhub-payments","https://www.payhubpayments.com/"
"Payments by Wave","https://serp.ly/payments-by-wave","https://www.waveapps.com/payments/"
"Moolah","https://serp.ly/moolah","http://www.moolah.cc/"
"Paymetric","https://serp.ly/paymetric","http://www.paymetric.com/"
"Payline Data","https://serp.ly/payline","https://hubs.ly/Q016WfL-0"
"Merrick Bank Merchant Services","https://serp.ly/merrick-bank-merchant-services","https://merrickbank.com/"
"Merchant Processing Company","https://serp.ly/merchant-processing-company","https://merchantprocessor.com/"
"Main Street Processing","https://serp.ly/main-street-processing","http://www.mainstprocessing.com/"
"Momentum Payment Systems","https://serp.ly/momentum-payment-systems","https://www.momentumpayments.com/"
"Merchant Lynx Services","https://serp.ly/merchant-lynx-services","http://merchantlynx.com/"
"Merchant e-Solutions","https://serp.ly/merchant-e-solutions","https://www.merchante.com/"
"Leaders Merchant Services","https://serp.ly/leaders-merchant-services","https://www.leadersmerchantservices.com/"
"Leap Payments","https://serp.ly/leap-payments","https://www.leappayments.com/"
"Mainstream Merchant Services","https://serp.ly/mainstream-merchant-services","https://www.mainstreamms.com/"
"Merchant Account Solutions","https://serp.ly/merchant-account-solutions","https://www.merchantaccountsolutions.com/"
"MenuSifu","https://serp.ly/menusifu","https://www.menusifu.com/"
"iTransact","https://serp.ly/itransact","http://www.itransact.com/"
"Merchant One","https://serp.ly/merchant-one","https://www.merchantone.com/"
"Kotapay","https://serp.ly/kotapay","http://www.kotapay.com/"
"Mercury Payment Systems","https://serp.ly/mercury-payment-systems","http://www.mercurypay.com/"
"LevelUp","https://serp.ly/levelup","http://www.thelevelup.com/"
"LawPay","https://serp.ly/lawpay","https://lawpay.com/"
"JetPay Merchant Services","https://serp.ly/jetpay-merchant-services","https://payments.ncr.com/"
"iPayment","https://serp.ly/intrepid-payment-processing","http://intrepidpaymentprocessing.com/"
"Intuit Merchant Services","https://serp.ly/intuit-merchant-services","https://quickbooks.intuit.com/payments/"
"Granite Payment Alliance","https://serp.ly/granite-payment-alliance","https://progpa.com/"
"GreenMed","https://serp.ly/greenmed","https://www.greenmed.io/"
"Harbortouch","https://serp.ly/harbortouch","https://www.harbortouch.com/"
"Host Merchant Services","https://serp.ly/host-merchant-services","https://www.hostmerchantservices.com/merchant-alternatives/"
"Ignite Payments","https://serp.ly/ignite-payments","http://ignitepayments.com/"
"Infintech","https://serp.ly/infintech","https://www.infintechllc.com/"
"Ingenico ePayments","https://serp.ly/ingenico-epayments","https://www.ingenico.com/epayments"
"IMG Merchant Services Auditing","https://serp.ly/img-merchant-services-auditing","https://imgaudit.com/"
"Indigo Payments","https://serp.ly/indigo-payments","https://www.indigopayments.com/"
"Greater Giving","https://serp.ly/greater-giving","https://www.greatergiving.com/"
"International Bancard","https://serp.ly/international-bancard","https://www.internationalbancard.com/"
"Google Checkout","https://serp.ly/google-checkout","https://checkout.google.com/"
"Hyperwallet","https://serp.ly/hyperwallet","https://www.hyperwallet.com/"
"Great American Payment Systems","https://serp.ly/great-american-payment-systems","https://getgaps.com/"
"Heartland Payment Systems","https://serp.ly/heartland-payment-systems","https://heartland.us/"
"iATS Payments","https://serp.ly/iats-payments","http://www.iatspayments.com/"
"i3 Verticals","https://serp.ly/i3-verticals","https://www.i3verticals.com/"
"Helcim","https://serp.ly/helcim","https://www.helcim.com/?af=3b6fce2bae4181&utm_source=partner_merchantalternatives&utm_medium=affiliate"
"Fiserv","https://serp.ly/fiserv","http://www.fiserv.com/"
"Flagship","https://serp.ly/flagship","http://flagshipmerchantservices.com/"
"Flashbanc","https://serp.ly/flashbanc","https://flashbanc.com/"
"First Data","https://serp.ly/first-data","https://www.firstdata.com/en_us/home.html"
"FirstGiving","https://serp.ly/firstgiving","https://www.firstgiving.com/"
"GoEmerchant","https://serp.ly/goemerchant","https://www.goemerchant.com/"
"GDpay","https://serp.ly/gdpay","https://www.gdpay.com/"
"First Merchant Payment Systems","https://serp.ly/first-merchant-payment-systems","https://www.fmps.com/"
"Global Payment Source","https://serp.ly/global-payment-source","https://globalpaymentsource.com/"
"Fattmerchant","https://serp.ly/fattmerchant","https://fattmerchant.com/"
"First American Payment Systems","https://serp.ly/first-american-payment-systems","https://www.first-american.net/"
"Eschelon Merchant Services","https://serp.ly/eschelon-merchant-services","http://www.eschelonms.com/"
"EXS (Electronic Exchange Systems)","https://serp.ly/exs-electronic-exchange-systems","http://exscreditcardprocessing.com/"
"Fidelity Payment Services","https://serp.ly/fidelity-payment-services","https://www.fidelitypayment.com/"
"Etsy Payments","https://serp.ly/etsy-payments","https://www.etsy.com/payments"
"eVance Processing, Inc","https://serp.ly/evance-processing-inc","https://evanceprocessing.com/"
"Fifth Third Processing Solutions","https://serp.ly/fifth-third-processing-solutions","https://www.vantiv.com/"
"ExpiTrans","https://serp.ly/expitrans","http://www.expitrans.com/"
"Ensight Merchant Services","https://serp.ly/ensight-merchant-services","https://www.ensightmerchantservices.com/"
"eMerchant, Inc.","https://serp.ly/emerchant-inc","https://emerchant.com/"
"Direct Processors","https://serp.ly/direct-processors-2","https://directprocessors.com/"
"Electronic Payment Systems","https://serp.ly/electronic-payment-systems","https://www.eps-na.com/"
"Cypress Bay Solutions","https://serp.ly/cypress-bay-solutions","http://cypressbaysolutions.com/"
"East Commerce Solutions","https://serp.ly/east-commerce-solutions","https://www.eastcommercesolutions.com/"
"eProcessing Network","https://serp.ly/eprocessing-network","https://www.eprocessingnetwork.com/"
"Easy Pay Direct","https://serp.ly/easypaydirect","https://www.easypaydirect.com/merchant-accounts/ecommerce-credit-card-processing/?partnerId=53204&linkVisitId=26772"
"Costco Merchant Services","https://serp.ly/costco-merchant-services","https://www.costco.com/merchant-account"
"eMerchantBroker","https://serp.ly/emerchantbroker","https://emerchantbroker.com/sales/merchant-alternatives/"
"Cornerstone Payment Systems","https://serp.ly/cornerstone-payment-systems","https://cornerstonepaymentsystems.com/"
"Dharma Merchant Services","https://serp.ly/dharma-merchant-services","https://dharmamerchantservices.com/getting-started/"
"Erply","https://serp.ly/erply","https://erply.com/"
"Electronic Merchant Systems (EMS)","https://serp.ly/electronic-merchant-systems-ems","https://www.emscorporate.com/"
"Encore Payment Systems","https://serp.ly/encore-payment-systems","http://www.encoreps.com/"
"DonorPerfect","https://serp.ly/donorperfect","https://www.donorperfect.com/"
"Electronic Transfer Inc","https://serp.ly/electronic-transfer-inc","https://electronictransfer.com/"
"Elavon Merchant Services","https://serp.ly/elavon-merchant-services","https://www.elavon.com/"
"Eliot Management Group","https://serp.ly/eliot-management-group","https://www.emgway.com/"
"Connect Pay Merchant Services","https://serp.ly/connect-pay-merchant-services","https://www.connectpay.us/"
"Convenient Payments","https://serp.ly/convenient-payments","http://convenientpayments.com/"
"Complete Merchant Solutions","https://serp.ly/complete-merchant-solutions","https://www.cmsonline.com/"
"Cliq","https://serp.ly/cliq","https://www.cliq.com/"
"Card Z3N","https://serp.ly/card-z3n","https://www.cardz3n.com/"
"CardSmart Merchant Services","https://serp.ly/cardsmart-merchant-services","http://www.cardsmartchoice.com/"
"Clearent","https://serp.ly/clearent","https://clearent.com/"
"Centurion Payment Services","https://serp.ly/centurion-payment-services","https://www.centurionpaymentservices.com/"
"CHARGE Anywhere","https://serp.ly/charge-anywhere","http://www.chargeanywhere.com/"
"CardX","https://serp.ly/cardx","https://www.cardx.com/"
"CCBill","https://serp.ly/ccbill","https://www.ccbill.com/"
"Click & Pledge","https://serp.ly/click-pledge","https://clickandpledge.com/"
"Chase Merchant Services","https://serp.ly/chase-merchant-services","https://merchantservices.chase.com/"
"ClearPay Financial Solutions","https://serp.ly/clearpay-financial-solutions","http://www.clearpayfs.com/"
"Century Business Solutions","https://serp.ly/century-business-solutions","https://centurybizsolutions.net/"
"CardConnect","https://serp.ly/cardconnect","https://cardconnect.com/"
"CardWorks","https://serp.ly/cardworks","https://www.cardworks.com/"
"Cayan","https://serp.ly/cayan","http://cayan.com/"
"Certified Payment Processing","https://serp.ly/certified-payment-processing","http://cpp-360.com/"
"CoCard","https://serp.ly/cocard","http://cocard.net/"
"Braintree Payment Solutions","https://serp.ly/braintree-payment-solutions","https://www.braintreepayments.com/"
"Capital One Merchant Services","https://serp.ly/capital-one-merchant-services","https://www.capitalone.com/small-business-bank/merchant-services/"
"BillingTree","https://serp.ly/billingtree","https://mybillingtree.com/"
"Burlington Bank Card","https://serp.ly/burlington-bank-card","https://www.burlingtonbankcard.com/"
"BlueDog","https://serp.ly/bluedog","https://yourbluedog.com/"
"Blackbaud Merchant Services","https://serp.ly/blackbaud-merchant-services","https://www.blackbaud.com/"
"Bluefin Payment Systems","https://serp.ly/bluefin-payment-systems","https://www.bluefin.com/"
"Authorize.Net","https://serp.ly/authorize-net","https://account.authorize.net/ui/themes/anet/oauth/PricingPage.aspx?resellerId=16673"
"Anovia Payments","https://serp.ly/anovia-payments","http://www.anoviapayments.com/"
"Alpha Card Services","https://serp.ly/alpha-card-services","https://www.simpay.net/"
"AMP Payment Systems","https://serp.ly/amp-payment-systems","https://amppaymentsystems.com/"
"Allied Wallet","https://serp.ly/allied-wallet","https://www.alliedwallet.com/"
"Allied Commercial Financial","https://serp.ly/allied-commercial-financial","https://www.alliedcfi.com/"
"APS Payments","https://serp.ly/aps-payments","https://www.apspayments.com/"
"Adyen","https://serp.ly/adyen","http://www.adyen.com/"
"Bambora","https://serp.ly/bambora","http://www.bambora.com/"
"Base Commerce","https://serp.ly/base-commerce","https://www.basecommerce.com/"
"Appstar Financial","https://serp.ly/appstar-financial","https://www.appstar.net/"
"Ascentium Capital","https://serp.ly/ascentium-capital","https://ascentiumcapital.com/"
"Aliant Payments Inc.","https://serp.ly/aliant-payments-inc","https://aliantpayments.com/"
"AmeriBanc National","https://serp.ly/service-provider/ameribanc-national","http://www.ameribancsales.net/"
"1st National Payment Solutions","https://serp.ly/1st-national-payment-solutions","http://www.1nps.com/"
"BigCommerce","https://serp.ly/service-provider/bigcommerce","https://merchantalternatives.com/go/big-commerce/"
"Alliance Bankcard Services","https://serp.ly/alliance-bankcard-services","https://www.goabsi.com/"
"APEX Merchant Group","https://serp.ly/service-provider/apex-merchant-group","http://www.apexmg.net"
"Amazon Payments","https://serp.ly/amazon-payments","https://pay.amazon.com/"
"Alpine Payment Systems","https://serp.ly/alpine-payment-systems","http://alpinepayments.net/"
"Barclaycard Merchant Services","https://serp.ly/barclaycard-merchant-services","http://www.barclaycard.co.uk/business"
"Axis Payments","https://serp.ly/service-provider/axis-payments","http://axispayments.net"
"Bank of America Merchant Services","https://serp.ly/bank-of-america-merchant-services","https://merch.bankofamerica.com/"
"Affinipay","https://serp.ly/affinipay","http://affinipay.com/"
"Groupon Payments","https://serp.ly/service-provider/groupon-payments","https://www.groupon.com/deals/groupon-payments"
"Platinum Choice Bancard","https://serp.ly/service-provider/platinum-choice-bancard-2","https://www.pcbancard.com/"
"Selz","https://serp.ly/service-provider/selz-2","https://selz.com"
"Payscape","https://serp.ly/service-provider/payscape-2","http://www.payscape.com"
"FreedomPay","https://serp.ly/service-provider/freedompay-2","http://www.freedompay.com"
"EPX","https://serp.ly/epx","http://www.epx.com/"
"Beyond Payments","https://serp.ly/beyond-payments","https://www.getbeyond.com/"
"Global Payments","https://serp.ly/global-payments","http://www.globalpaymentsinc.com/"
"2Checkout","https://serp.ly/2checkout","https://www.2checkout.com/"
"RomanCart","https://serp.ly/service-provider/romancart-2","https://www.romancart.com/"
"Cynergy Data","https://serp.ly/service-provider/cynergy-data-2","http://www.cynergydata.com"
"BlueSquare Resolutions","https://serp.ly/service-provider/bluesquare-resolutions-2","http://www.getbluesquare.com"
"Yapstone","https://serp.ly/yapstone","https://www.yapstone.com/"
"Clover","https://serp.ly/clover","https://www.clover.com/"
"Axcess Merchant Services","https://serp.ly/axcess-merchant-services","https://www.axcessms.com/"
"Credomatic Merchant Services","https://serp.ly/credomatic-merchant-services","https://www.credomaticmerchantservices.com/"
"iZettle","https://serp.ly/service-provider/izettle-2","https://gb.zettle.com/"
"Nuvei","https://serp.ly/nuvei","https://nuvei.com/"
"Wholesale Merchant Processing","https://serp.ly/wholesale-merchant-processing","https://www.harbortouch.com/"
"Bravo Payment Systems","https://serp.ly/bravo-payment-systems","https://www.bravopaymentsystems.com/"
"Integrated Merchant Alliance","https://serp.ly/integrated-merchant-alliance","https://www.imainfo.com/"
"TransTech Merchant Group","https://serp.ly/service-provider/transtech-merchant-group","http://tmg-360.com/"
"BluePay","https://serp.ly/bluepay","https://www.bluepay.com/"
"Durango Merchant Services","https://serp.ly/durango-merchant-services","https://durangomerchantservices.com/"
"Performance Merchant Alliance","https://serp.ly/service-provider/performance-merchant-alliance","http://www.permerch.com"
"Unified Payments","https://serp.ly/unified-payments","https://unifiedpayments.com/"
"Card Cutters","https://serp.ly/card-cutters","https://www.card-cutters.com/"
"Capital Bankcard","https://serp.ly/capital-bankcard","https://www.capitalbankcard.com/"
"Canna Group","https://serp.ly/canna-group","https://gethighriskprocessing.com/"
"Canmor","https://serp.ly/canmor","https://canmor.com/"
"Red Payments","https://serp.ly/red-payments","http://redpayments.net/"
"American Payment Solutions","https://serp.ly/american-payment-solutions","https://www.apspayments.com/"
"Capital Payments","https://serp.ly/capital-payments","https://capitalpaymentsinc.com/"
"Fortis Payment Systems","https://serp.ly/fortis-payment-systems","https://www.fortispayments.com/"
"Vision Payment Solutions","https://serp.ly/vision-payment-solutions","https://www.evopayments.us/"
"Payvision","https://serp.ly/payvision","https://www.payvision.com/"
"Payment Processing Consultants","https://serp.ly/payment-processing-consultants","https://www.ppcsales.com/"
"DoJiggy","https://serp.ly/dojiggy","https://www.dojiggy.com/"
"Future Payment Technologies","https://serp.ly/future-payment-technologies","http://futurepaytech.com/"
"Charity Charge","https://serp.ly/charity-charge","https://www.charitycharge.com/"
"3Delta Systems","https://serp.ly/3delta-systems","http://www.3dsi.com/"
"Merchant Focus","https://serp.ly/merchant-focus","https://merchantfocus.com/"
"True Payment Solutions","https://serp.ly/true-payment-solutions","http://www.tpsusa.com/"
"Advanced Merchant Services","https://serp.ly/advanced-merchant-services","http://advancedhq.com/"
"Mangopay","https://serp.ly/mangopay","https://www.mangopay.com/"
"PacNet Services Ltd.","https://serp.ly/pacnet-services-ltd","https://pacnetservices.com/"
"Clarify","https://serp.ly/service-provider/clarify","https://clarifyup.com/"
"National Bankcard Systems","https://serp.ly/national-bankcard-systems","http://www.enbs.com/"
"First Choice Payments","https://serp.ly/service-provider/first-choice-payments","http://fcpayments.com/"
"Citi Merchant Services","https://serp.ly/citi-merchant-services","https://citi.merchantservicesbyfirstdata.com/"
"Merchant Warehouse","https://serp.ly/service-provider/merchant-warehouse","http://www.merchantwarehouse.com"
"TransMerit Merchant Services","https://serp.ly/service-provider/transmerit-merchant-services","https://www.transmeritmerchantservices.com/"
"Lloyds Bank Cardnet","https://serp.ly/lloyds-bank-cardnet","https://www.lloydsbankcardnet.com/"
"Millennium Bankcard","https://serp.ly/millennium-bankcard","https://www.mbankcard.com/"
"Approval Payment Solutions","https://serp.ly/approval-payment-solutions","https://apsolutions.net/"
"Omega Processing Solutions","https://serp.ly/omega-processing-solutions","https://www.omegap.com/"
"Sphere","https://serp.ly/sphere","https://spherecommerce.com/"
"Frontline Processing","https://serp.ly/frontline-processing","https://www.frontlineprocessing.com/"
"Retriever Medical/Dental Payments","https://serp.ly/retriever-medical-dental-payments","http://www.retrievermed.com/"
"Alpha & Omega Payment Processing","https://serp.ly/service-provider/alpha-omega-payment-processing","https://www.aopsales.com/"
"NextPay","https://serp.ly/nextpay","https://www.nextpay.com/"
"ePaymentAmerica","https://serp.ly/epaymentamerica","https://epaymentamerica.com/"
"Choice Merchant Solutions","https://serp.ly/choice-merchant-solutions","https://www.choicemerchantsolutions.com/"
"Redstone Payment Solutions","https://serp.ly/redstone-payment-solutions","https://www.redstonepaymentsolutions.com/"
"Axia Payments","https://serp.ly/axia-payments","https://axia.i3merchant.com/"
"Radiant Merchant Services","https://serp.ly/radiant-merchant-services","https://www.radiantmerchantservices.com/"
"Netcom PaySystem","https://serp.ly/netcom-paysystem","https://www.netcompaysystem.com/"
"ABC Global Systems","https://serp.ly/abc-global-systems","http://www.abcglobalsystems.com/"
"Premier Merchant Processing","https://serp.ly/premier-merchant-processing","http://www.processpremier.com/"
"Spectrum Merchant Services","https://serp.ly/spectrum-merchant-services","https://www.spectrumadvantage.com/"
"Magna Consulting","https://serp.ly/service-provider/magna-consulting","https://www.getmagna.com/"
"Phoenix Payments","https://serp.ly/service-provider/phoenix-payments","https://www.phoenixpayments.com/"
"Soar Payments","https://serp.ly/soar-payments","https://www.soarpay.com/"
"Chyp","https://serp.ly/chyp","https://www.gochyp.com/"
"Altiras Advisors","https://serp.ly/altiras-advisors","https://www.altirasadvisors.com/"
"TAPLocal Now","https://serp.ly/service-provider/taplocal-now","http://www.taplocalnow.com/"
"Accepta","https://serp.ly/accepta","https://acceptapayments.com/"
"Punchey","https://serp.ly/punchey","https://www.punchey.com/"
"Beanstream","https://serp.ly/beanstream","http://www.beanstream.com/"
"Argus Merchant Services","https://serp.ly/argus-merchant-services","http://argusinvision.com/"
"Coastal Pay","https://serp.ly/coastal-pay","http://www.coastalpay.com/"
"Singular Payments","https://serp.ly/service-provider/singular-payments","http://www.singularpayments.com"
"MatchRate Plus","https://serp.ly/service-provider/matchrate-plus","http://www.matchrateplus.com/"
"North American Processing Solutions","https://serp.ly/north-american-processing-solutions","http://napshq.com/"
"e-onlinedata","https://serp.ly/service-provider/e-onlinedata","http://www.e-onlinedata.com/"
"Lightspeed POS","https://serp.ly/lightspeed-pos","https://www.lightspeedhq.com/"
"IRN Payment Systems","https://serp.ly/service-provider/irn-payment-systems","http://www.irnpayment.com"
"Commerce Payment Systems","https://serp.ly/service-provider/commerce-payment-systems","https://www.commercepaymentsystems.com/"
"Mega M LLC","https://serp.ly/mega-m-llc","http://www.megamllc.com/"
"Heritage Payment Solutions","https://serp.ly/heritage-payment-solutions","https://www.heritageps.net/"
"Platinum Payment Systems","https://serp.ly/platinum-payment-systems","https://platpay.com/"
"Trinity Merchant Group","https://serp.ly/trinity-merchant-group","https://www.trinitymerchantgroup.com/"
"World Payment Services","https://serp.ly/world-payment-services","https://www.worldpaymentservices.com/"
"Patriot Payment Group","https://serp.ly/service-provider/patriot-payment-group","http://www.patriotpaymentgroup.com/"
"Revolution Payment Systems","https://serp.ly/revolution-payment-systems","https://www.revolution-payments.com/"
"Electrum Corporation","https://serp.ly/electrum-corporation","https://www.electrumcorporation.com/"
"Pogo","https://serp.ly/service-provider/pogo","https://www.pogopayment.com/"
"PrimePay Global","https://serp.ly/service-provider/primepay-global","http://www.primepayglobal.com/"
"ElitePay Global","https://serp.ly/service-provider/elitepay-global","http://www.elitepayglobal.com/"
"Paystri","https://serp.ly/paystri","https://www.paystri.com/"
"Top Tier Payment Solutions","https://serp.ly/service-provider/top-tier-payment-solutions","https://toptierpaymentsolutions.com/"
"Card One International","https://serp.ly/card-one-international","https://card1.com/"
"Card Concepts Merchant Services","https://serp.ly/card-concepts-merchant-services","https://cardconceptsinc.com/"
"Merchant Industry","https://serp.ly/merchant-industry","https://www.merchantindustry.com/"
"MiCamp Solutions","https://serp.ly/micamp-solutions","https://www.micamp.com/"
"Merchant Services Irvine","https://serp.ly/merchant-services-irvine","http://www.merchantsvcs.com/"
"CBD Merchant Account","https://serp.ly/cbd-merchant-account","https://www.cbdmerchantaccount.com/"
"Eureka Payments","https://serp.ly/eureka-payments","https://eurekapayments.com/"
"Payfirma","https://serp.ly/payfirma","https://www.payfirma.com/"
"TechStorm","https://serp.ly/techstorm","http://www.gotechstorm.com/"
"Recurly","https://serp.ly/recurly","https://recurly.com/"
"Paperless Transaction Corporation","https://serp.ly/paperless-transaction-corporation","https://www.paperlesstrans.com/"
"Instabill","https://serp.ly/instabill","http://www.instabill.com/"
"Crescent Processing Company","https://serp.ly/crescent-processing-company","https://www.crescentprocessing.com/"
"Ironwood Payments","https://serp.ly/ironwood-payments","https://teamironwood.com/"
"Big Sky Commerce","https://serp.ly/big-sky-commerce","https://bigskycommerce.com/"
"Inner Fence","https://serp.ly/inner-fence","http://www.innerfence.com/"
"Exectras","https://serp.ly/exectras","https://exectras.com/"
"MinistryLINQ","https://serp.ly/ministrylinq","https://www.ministrylinq.com/"
"Meritus Payment Solutions","https://serp.ly/meritus-payment-solutions","http://www.merituspayment.com/"
"Realex Payments","https://serp.ly/realex-payments","https://www.realexpayments.com/"
"US Merchant Systems","https://serp.ly/service-provider/us-merchant-systems","https://www.usms.com/"
"National Payment Processing","https://serp.ly/national-payment-processing","https://www.nationalpaymentprocessing.com/"
"The Southern Institute","https://serp.ly/the-southern-institute","https://thesoutherninstitute.com/"
"Prodigy Payment Systems","https://serp.ly/prodigy-payment-systems","https://www.prodigypay.com/"
"Funds Transfer Alliance","https://serp.ly/service-provider/funds-transfer-alliance","http://www.the-fta.com/"
"National Merchant Center","https://serp.ly/national-merchant-center","https://www.nationalmerchant.com/"
"Petroleum Card Services","https://serp.ly/petroleum-card-services","http://www.pcs4fuel.com/"
"Marathon Solutions, Inc","https://serp.ly/service-provider/marathon-solutions-inc","http://www.marathonsi.com/"
"Metro Payment Technologies","https://serp.ly/metro-payment-technologies","https://metropaytech.com/"
"USB Payment Processing","https://serp.ly/usb-payment-processing","https://www.usbne.com/"
"Tribul Merchant Services","https://serp.ly/service-provider/tribul-merchant-services","https://www.tribulonline.com/"
"Card/Pay","https://serp.ly/card-pay","https://www.cardpaysolve.com/"
"Guardian Payment Systems","https://serp.ly/guardian-payment-systems","https://www.guardianpays.com/"
"SC Financial Services","https://serp.ly/sc-financial-services","http://www.scfhighrisk.com/"
"Best Merchant Rates","https://serp.ly/best-merchant-rates","https://www.bestmerchantrates.com/"
"National Payment Corporation","https://serp.ly/national-payment-corporation","https://nationalpaymentcorporation.com/"
"Zuma Payroll & Processing","https://serp.ly/zuma-payroll-processing","https://www.zumapay.com/"
"PaymentVision","https://serp.ly/paymentvision","https://www.paymentvision.com/"
"National Cash Management Systems","https://serp.ly/national-cash-management-systems","https://ncms-inc.com/"
"EMoney","https://serp.ly/emoney","https://emoneyadvisor.com/"
"Usio","https://serp.ly/usio","https://usio.com/"
"Benchmark Merchant Solutions","https://serp.ly/benchmark-merchant-solutions","https://benchmarkmerchantsolutions.com/"
"Veritrans Merchant Services","https://serp.ly/veritrans-merchant-services","https://www.veritransllc.com/"
"American Merchants Inc.","https://serp.ly/american-merchants-inc","https://www.americanmerchantsinc.com/"
"Optimal Payments","https://serp.ly/optimal-payments","https://www.optimalpayments.com/"
"GlobalCollect","https://serp.ly/globalcollect","https://globalcollect.com/"
"Streamline","https://serp.ly/service-provider/streamline","https://www.streamline.com/"
"ImGlobal Payments","https://serp.ly/imglobal-payments","http://www.imglobalpayments.com/"
"Pearl Payments","https://serp.ly/pearl-payments","https://www.pearlpayments.com/"
"Capital Merchant Solutions","https://serp.ly/capital-merchant-solutions","https://www.takecardstoday.com/"
"RedFynn","https://serp.ly/redfynn","https://redfynn.com/"
"Paymentsense","https://serp.ly/paymentsense","https://www.paymentsense.com/"
"High Risk Pay","https://serp.ly/high-risk-pay","https://www.highriskpay.com/"
"Alliant","https://serp.ly/alliant","http://www.alliantms.com/"
"Community Merchant Solutions","https://serp.ly/community-merchant-solutions","http://communitymerchantsolutions.com/"
"Expect Payment Solutions","https://serp.ly/expect-payment-solutions","https://www.expectps.com/"
"CCNow","https://serp.ly/ccnow","https://www.ccnow.com/"
"Redwood Merchant Services","https://serp.ly/redwood-merchant-services","https://redwoodmerchantservices.com/"
"AdvoCharge","https://serp.ly/advocharge","https://advocharge.com/"
"Global 1 Wholesale Merchant Services","https://serp.ly/global-1-wholesale-merchant-services","https://www.global1wms.com/"
"Regal Payment Systems","https://serp.ly/regal-payment-systems","https://regalpaymentsystems.com/"
"NoblePay","https://serp.ly/noblepay","http://www.noblepay.com/"
"Passthrough Payments","https://serp.ly/passthrough-payments","https://www.passthroughpayments.com/"
"Atlantic-Pacific Processing Systems","https://serp.ly/atlantic-pacific-processing-systems","https://www.approcessing.com/"
"Smart Card Merchant Services","https://serp.ly/smart-card-merchant-services","http://smartcardms.com/"
"Datalink Bankcard Services","https://serp.ly/datalink-bankcard-services","http://www.datalinkonline.net/"
"EMC2 Billing","https://serp.ly/service-provider/emc2-billing","http://emc2billing.com/"
"Polaris Payments","https://serp.ly/polaris-payments","https://www.polarispayments.com/"
"E-Commerce Exchange","https://serp.ly/service-provider/e-commerce-exchange","http://www.ecxweb.com/"
"Celerus Payments","https://serp.ly/service-provider/celerus-payments","http://www.celeruspay.com/"
"MSG Payment Systems","https://serp.ly/msg-payment-systems","https://msgpay.com/"
"On The Mark Payments","https://serp.ly/on-the-mark-payments","https://www.onthemarkpayments.com/"
"Electronic Cash Systems","https://serp.ly/service-provider/electronic-cash-systems","http://ecspayments.com/"
"Axxess Payments","https://serp.ly/service-provider/axxess-payments","http://www.axxesspayments.com/"
"Axe Payments","https://serp.ly/axe-payments","https://getaxepay.com/"
"Merchant Fee Removal","https://serp.ly/merchant-fee-removal","https://www.merchantfeeremoval.com/"
"United Payment Services","https://serp.ly/service-provider/united-payment-services","http://www.unitedpaymentservices.com"
"MagicPay","https://serp.ly/magicpay","https://magicpay.net/"
"ePayData","https://serp.ly/epaydata","https://epaydata.com/"
"Emerald Pay","https://serp.ly/elitepay-global","http://www.elitepayglobal.com/"
"Compliant Processing","https://serp.ly/compliant-processing","https://compliantprocessing.com/"
"Givsum","https://serp.ly/givsum","https://www.givsum.com/"
"ClearGate","https://serp.ly/cleargate","https://www.cleargate.com/"
"DalPay","https://serp.ly/dalpay","https://www.dalpay.com/"
"OrangePay","https://serp.ly/orangepay","http://www.orange-business.com/"
"PayLeap","https://serp.ly/payleap","https://www.payleap.com/"
"Vantage Payments","https://serp.ly/vantage-payments","http://www.vantagepayments.com/"
"Trust Payments","https://serp.ly/trust-payments","https://www.trustpayments.com/"
"Smart Money EPS","https://serp.ly/smart-money-eps","https://smartmoneyeps.com/"
"Best Rate Merchant Service","https://serp.ly/best-rate-merchant-service","https://www.bestratemerchantservice.com/"
"Vericomm","https://serp.ly/vericomm","https://www.vericommcorp.com/"
"Schmooze","https://serp.ly/schmooze","http://www.schmoozeinc.com/"
"AB POS Solutions","https://serp.ly/ab-pos-solutions","http://abposus.com/"
"Mercantile Processing Inc.","https://serp.ly/mercantile-processing-inc","https://www.mpiprocessing.com/"
"Merchant Advocate","https://serp.ly/merchant-advocate","https://merchantadvocate.com/"
"Federated Payments","https://serp.ly/service-provider/federated-payments","https://merchantalternatives.com/go/federated-payments/"
"MersaTech","https://serp.ly/mersatech","https://mersatech.com/"
"Group ISO","https://serp.ly/group-iso","http://groupiso.com/"
"ProPay","https://serp.ly/propay","http://www.propay.com/"
"GoPayment","https://serp.ly/gopayment","https://quickbooks.intuit.com/payments/mobile/"
"The Merchant Solutions","https://serp.ly/the-merchant-solutions","https://www.themerchantsolutions.com/"
"Electronic Payments Inc.","https://serp.ly/electronic-payments-inc","https://www.electronicpayments.com/"
"Express Merchant Accounts","https://serp.ly/express-merchant-accounts","https://www.expressmerchantaccounts.com/"
"Merchant Processing Solutions","https://serp.ly/merchant-processing-solutions","https://www.merchantproinc.com/"
"Process Pink Payments","https://serp.ly/process-pink-payments","http://processpink.com/"
"GoDaddy Merchant Services","https://serp.ly/godaddy-merchant-services","https://godaddy.com/help/quick-shopping-cart"
"PayTech Corporation","https://serp.ly/paytech-corporation","https://www.paytechco.com/"
"Merchant Bankcard","https://serp.ly/service-provider/merchant-bankcard","http://www.merchantbankcard.com/"
"QuickBooks Payments","https://serp.ly/quickbooks-payments","https://quickbooks.intuit.com/payments/"
"BB&T Merchant Services","https://serp.ly/bbt-merchant-services","https://www.bbt.com/commercial/commercial-solutions/merchant-services.html"
"Cambridge Global Payments","https://serp.ly/cambridge-global-payments","https://www.cambridgefx.com/"
"Wind River Financial","https://serp.ly/wind-river-financial","https://www.windriverfinancial.com/"
"Quantum Merchant Services","https://serp.ly/quantum-merchant-services","https://www.quantumgo.com/"
"Velocity","https://serp.ly/velocity","https://govelocity.com/"
"1st Americard","https://serp.ly/1st-americard","http://www.1stamericard.com/"
"TRU Payment Processing","https://serp.ly/tru-payment-processing","https://itstru.com/"
"INKAS Payments","https://serp.ly/inkas-payments","https://inkaspayments.ca/"
"Elite Merchant Solutions","https://serp.ly/elite-merchant-solutions","https://www.elitedatacorp.com/"
"C&H Financial Services","https://serp.ly/ch-financial-services","https://www.chfs.us/"
"Card Payment Direct","https://serp.ly/service-provider/card-payment-direct","http://www.cardpaymentdirect.com"
"SilverEdge","https://serp.ly/silveredge","https://www.gosilveredge.com/"
"Premier Payments","https://serp.ly/premier-payments","http://www.premierpayments.com/"
"Merchant Management Group","https://serp.ly/merchant-management-group","https://www.merchantmanagementgroup.com/"
"Canadian Payment Services","https://serp.ly/canadian-payment-services","https://cpsmerchants.ca/"
"Wise Payment Systems","https://serp.ly/wise-payment-systems","http://www.wisepaymentsystems.com/"
"Preferred Payments","https://serp.ly/preferred-payments","https://www.preferredpayments.com/"
"Merchant Cooperative","https://serp.ly/merchant-cooperative","http://www.merchantcooperative.com/"
"Swipe4Free","https://serp.ly/swipe4free","https://swipe4free.com/"
"Riverside Merchant Processing","https://serp.ly/riverside-merchant-processing","https://www.riversidepayments.com/"
"Integrated Card Service","https://serp.ly/service-provider/integrated-card-service","https://www.intlcardservice.com/"
"Five Star Merchant Services","https://serp.ly/five-star-merchant-services","https://fivestarmerchant.com/"
"Revel Systems","https://serp.ly/revel-systems","https://revelsystems.com/"
"ShopKeep","https://serp.ly/shopkeep","http://shopkeep.com/"
"Allstate Merchant Services","https://serp.ly/service-provider/allstate-merchant-services","http://www.allstatemerchants.com/"
"MSI Merchant Services, Inc","https://serp.ly/msi-merchant-services-inc","http://www.msihq.com/index.aspx"
"Mom & Pop Merchant Solutions","https://serp.ly/mom-pop-merchant-solutions","https://www.mpbusinessfunding.com/"
"Nationwide Merchant Solutions","https://serp.ly/nationwide-merchant-solutions","https://www.nationmerchantsolutions.com/"
"American Verification Processing Solutions","https://serp.ly/american-verification-processing-solutions","https://avpsolutions.com/"
"Toast POS","https://serp.ly/toast-pos","https://pos.toasttab.com/"
"Vend POS","https://serp.ly/vend-pos","https://www.vendhq.com/"
"Bankcard Brokers","https://serp.ly/bankcard-brokers","https://www.bankcardbrokers.com/"
"Bank Transactions Inc.","https://serp.ly/bank-transactions-inc","http://www.banktransactions.com/"
"Banctek Solutions","https://serp.ly/banctek-solutions","https://banctek.com/"
"Advantage Payment Processing","https://serp.ly/advantage-payment-processing","https://advantagepaymentprocessing.com/"
"Bonita Payments","https://serp.ly/bonita-payments","https://bonitapayments.net/"
"AppNinjas (Swipe)","https://serp.ly/appninjas-swipe","https://appninjas.com/"
"Guest Innovations","https://serp.ly/guest-innovations","https://guestinnovations.com/"
"Partner Payments","https://serp.ly/partner-payments","https://partnerpayments.com/"
"Commerce Bank Merchant Services","https://serp.ly/commerce-bank-merchant-services","https://www.commercebank.com/business/payables-and-receivables/receivables/merchant-services"
"BlueSnap","https://serp.ly/bluesnap","https://home.bluesnap.com/"
"EVO Payments","https://serp.ly/evo-payments","https://www.evopayments.us/"
"Chase Paymentech","https://serp.ly/service-provider/chase-paymentech","https://merchantservices.chase.com/"
"CreditCardProcessing.com","https://serp.ly/creditcardprocessing-com","https://www.creditcardprocessing.com/"
"Sterling Payment Technologies","https://serp.ly/sterling-payment-technologies","http://www.sterlingpayment.com/"
"FUNDLY","https://serp.ly/fundly","http://fundly.com/"
"BitPay","https://serp.ly/bitpay","https://bitpay.com/"
"Genesis Merchant Solutions","https://serp.ly/genesis-merchant-solutions","http://gmspays.com/"
"American Express Merchant Services","https://serp.ly/american-express-merchant-services","https://www.americanexpress.com/us/merchant/merchant-home.html"
"Bindo","https://serp.ly/bindo","https://bindopos.com/"
"BankCard Central","https://serp.ly/bankcard-central","http://bankcardcentral.com/"
"Platinum Payments","https://serp.ly/platinum-payments","https://www.easypaydirect.com/"
"First Financial Merchant Services","https://serp.ly/first-financial-merchant-services","https://www.ffusa.com/"
"FrontStream","https://serp.ly/frontstream","https://www.frontstream.com/"
"BankCard USA","https://serp.ly/bankcard-usa","https://www.bankcardusa.com/"
"TransFirst","https://serp.ly/transfirst","https://www.transfirst.com/"
"OpenEdge","https://serp.ly/openedge","http://www.openedgepayment.com/"
"Nationwide Payment Solutions","https://serp.ly/nationwide-payment-solutions","https://nppayments.com/"
"Gravity Payments","https://serp.ly/gravity-payments","http://gravitypayments.com/"
"Summit Merchant Solutions","https://serp.ly/service-provider/summit-merchant-solutions","http://sms-360.com/"
"Infinity Data Corporation","https://serp.ly/infinity-data-corporation","https://www.infinitydata.com/"
"Cambridge Payment Systems","https://serp.ly/cambridge-payment-systems","https://www.cambridgepaymentsystems.com/"
"EpicPay","https://serp.ly/epicpay","https://epicpay.com/"
"Retail Merchant Services","https://serp.ly/retail-merchant-services","https://www.retailmerchantservices.co.uk/"
"Card Payment Solutions","https://serp.ly/card-payment-solutions","https://www.cardpaymentsolutions.com/"
"Charge.com","https://serp.ly/service-provider/charge-com","https://merchantalternatives.com/reviews/charge.com/"
"Payment Logistics","https://serp.ly/payment-logistics","https://www.paymentlogistics.com/"
"Merchant Payment Services","https://serp.ly/merchant-payment-services","https://www.choosemps.com/"
"Challas Group","https://serp.ly/challas-group","http://challasgroup.com/"
"Beacon Payments","https://serp.ly/beacon-payments","https://www.beaconpayments.com/"
"Banc Certified Merchant Services","https://serp.ly/banc-certified-merchant-services","https://banccertified.com/"
"Bancard Payment Systems","https://serp.ly/bancard-payment-systems","https://www.bancardpayment.com/"
"Gulf Management Systems","https://serp.ly/gulf-management-systems","https://www.gulfmanagementsystems.com/"
"EC Suite","https://serp.ly/ec-suite","https://ecsuite.com/"
"JPay Solutions","https://serp.ly/jpay-solutions","https://www.jpaysolutions.com/index.php"
"PayPoint","https://serp.ly/paypoint","https://paypoint.com/"
"Union POS","https://serp.ly/union-pos","https://www.union-pos.com/"
"Salesforce Commerce Cloud","https://serp.ly/salesforce-commerce-cloud","https://www.salesforce.com/ap/products/commerce-cloud/overview/"
"Sage Payment Solutions","https://serp.ly/sage-payment-solutions","https://www.sage.com/en-us/payment-processing/"
"Spark Pay","https://serp.ly/service-provider/spark-pay","https://www.capitalone.com/small-business-bank/merchant-services/"
"Retriever Merchant Solutions","https://serp.ly/retriever-merchant-solutions","https://rmsnpc.com/"
"ZeerPay","https://serp.ly/ZeerPay","https://zeerpay.com"
"Merchantâ€™s Choice Payment Solutions (PaySafe)","https://serp.ly/Merchant-s-Choice-Payment-Solutions--PaySafe-","https://paysafe.com"
"Aptito","https://serp.ly/Aptito-Payment","https://aptito.com"
"Payment Oasis","https://serp.ly/Payment-Oasis","https://paymentoasis.com"
"Sam's Club Merchant Services","https://serp.ly/Sam-s-Club-Merchant-Services","https://samsclubms.com"
"UP Solution","https://serp.ly/UP-Solution","https://upsolution.com"
"Emerald Business Solutions","https://serp.ly/emerald-business-solutions","https://yestoebs.com"
"RP Solutions Inc","https://serp.ly/RP-Solutions-Inc","https://rpsolutions.com"
"Paystone","https://serp.ly/Paystone","https://paystone.com"
"Sphere Integrated Payment Solutions","https://serp.ly/sphere-integrated-payment-solutions","https://spherecommerce.com"
"Discover Data","https://serp.ly/discover-data","https://discoverdata.com"
"US Bank","https://serp.ly/us-bank","https://usbank.com"
"Apple Pay","https://serp.ly/apple-pay","https://apple.com"
"Lavu","https://serp.ly/lavu","https://lavu.com"